Workbook

Sheet Sets
A1: J | B1: I | C1: I_NOSEC | D1: I_P | E1: I_S | F1: S | G1: D | H1: D_S | I1: D_L | J1: C | K1: T | L1: C_H | M1: L | O1: Referencias
A2: J1 | B2: COLZA | C2: COLZA | D2: SORGO | E2: AVENA CS | F2: S1 | G2: D1 | H2: D1 | I2: D3 | J2: C1 | K2: T1 | L2: CH1 | M2: L0 | O2: J | P2: Lotes
A3: J2 | B3: CARINATA | C3: CARINATA | D3: MAIZ | E3: R. GRASS CS | F3: S2 | G3: D2 | H3: D2 | I3: D4 | J3: C2 | K3: T2 | L3: CH2 | M3: L1 | O3: I | P3: Cultivos
A4: J3 | B4: AVENA | C4: AVENA | D4: SOJA | E4: VICIA CS | F4: S3 | G4: D3 | I4: D5 | J4: C3 | K4: T3 | L4: CH3 | M4: L2 | O4: I_NOSEC | P4: Cultivos que no pueden ser consecutivos 2 años
A5: J4 | B5: R. GRASS | C5: R. GRASS | D5: SOJA II | E5: CAMELINA | G5: D4 | K5: T4 | M5: L3 | O5: I_P | P5: Cultivos principales
A6: J5 | B6: TRIGO | C6: TRIGO | D6: TRIGO | G6: D5 | K6: T5 | M6: L4 | O6: I_S | P6: Cultivos secundarios
A7: J6 | B7: CAMELINA | C7: CAMELINA | D7: COLZA | K7: T6 | M7: L5 | O7: S | P7: Suelos
A8: J7 | B8: CEBADA | C8: CEBADA | O8: D | P8: Destinos
A9: J8 | B9: CENTENO | C9: CENTENO | O9: D_S | P9: Destinos de corta distancia
A10: J9 | B10: ARVEJA | C10: ARVEJA | O10: D_L | P10: Destinos de larga distancia
A11: J10 | B11: GIRASOL | C11: GIRASOL | O11: C | P11: Campañas
B12: SORGO | C12: SORGO | O12: T | P12: Slots | Q12: 3x#C
B13: MAIZ | C13: MAIZ | O13: C_H | P13: Campañas históricas a considerar
B14: SOJA | C14: SOJA | O14: L | P14: niveles de antiguedad de un cultivo sobre un lote | Q14: #C + #C_H - 1
B15: SOJA II | C15: SOJA II
B16: MAIZ II | C16: MAIZ II
B17: MAIZ T | C17: MAIZ T
B18: AVENA CS | C18: VICIA CS | O18: Tipos de Suelos
B19: R. GRASS CS | O19: S1 | P19: Molisol
B20: VICIA CS | O20: S2 | P20: Alfisol
B21: BARBECHO | O21: S3 | P21: Vertisol

Sheet Plots (J)
A1: J | B1: ha | C1: max_m | D1: max_s | F1: Proporción de suelo por lote (ep) | K1: Rendimiento por lote (py) | P1: Limite max Q de ha por cultivo-campaña (maxha) | U1: Limite min Q de ha por cultivo-campaña (minha)
A2: =+Sets!A2 -> J1 | B2: 98 | C2: 10 | D2: 10 | G2: S1 | H2: S2 | I2: S3 | L2: S1 | M2: S2 | N2: S3 | Q2: C1 | R2: C2 | S2: C3 | V2: C1 | W2: C2 | X2: C3
A3: =+Sets!A3 -> J2 | B3: 32 | C3: 10 | D3: 10 | F3: J1 | G3: 0 | H3: 0 | I3: 1 | K3: J1 | L3: B | M3: M | N3: A | P3: COLZA | Q3: 100 | R3: 100 | S3: 100 | U3: COLZA | V3: 0 | W3: 0 | X3: 0
A4: =+Sets!A4 -> J3 | B4: 44 | C4: 10 | D4: 10 | F4: J2 | G4: 0 | H4: 0 | I4: 1 | K4: J2 | L4: B | M4: M | N4: A | P4: CARINATA | Q4: 500 | R4: 500 | S4: 500 | U4: CARINATA | V4: 0 | W4: 0 | X4: 0
A5: =+Sets!A5 -> J4 | B5: 80 | C5: 10 | D5: 10 | F5: J3 | G5: 0 | H5: 0 | I5: 1 | K5: J3 | L5: B | M5: M | N5: A | P5: AVENA | Q5: 500 | R5: 500 | S5: 500 | U5: AVENA | V5: 0 | W5: 0 | X5: 0
A6: =+Sets!A6 -> J5 | B6: 30 | C6: 10 | D6: 10 | F6: J4 | G6: 0 | H6: 0 | I6: 1 | K6: J4 | L6: B | M6: M | N6: A | P6: R. GRASS | Q6: 60 | R6: 60 | S6: 60 | U6: R. GRASS | V6: 60 | W6: 60 | X6: 60
A7: =+Sets!A7 -> J6 | B7: 19 | C7: 10 | D7: 10 | F7: J5 | G7: 0 | H7: 0 | I7: 1 | K7: J5 | L7: B | M7: M | N7: A | P7: TRIGO | Q7: 124 | R7: 124 | S7: 124 | U7: TRIGO | V7: 0 | W7: 0 | X7: 0
A8: =+Sets!A8 -> J7 | B8: 60 | C8: 10 | D8: 10 | F8: J6 | G8: 0 | H8: 0 | I8: 1 | K8: J6 | L8: B | M8: M | N8: A | P8: CAMELINA | Q8: 500 | R8: 500 | S8: 500 | U8: CAMELINA | V8: 0 | W8: 0 | X8: 0
A9: J8 | B9: 49 | C9: 10 | D9: 10 | F9: J7 | G9: 0 | H9: 0 | I9: 1 | K9: J7 | L9: B | M9: M | N9: A | P9: CEBADA | Q9: 500 | R9: 500 | S9: 500 | U9: CEBADA | V9: 0 | W9: 0 | X9: 0
A10: J9 | B10: 51 | C10: 10 | D10: 10 | F10: J8 | G10: 0 | H10: 0 | I10: 1 | K10: J8 | L10: B | M10: M | N10: A | P10: CENTENO | Q10: 500 | R10: 500 | S10: 500 | U10: CENTENO | V10: 0 | W10: 0 | X10: 0
A11: J10 | B11: 21 | C11: 10 | D11: 10 | F11: J9 | G11: 0 | H11: 0 | I11: 1 | K11: J9 | L11: B | M11: M | N11: A | P11: ARVEJA | Q11: 500 | R11: 500 | S11: 500 | U11: ARVEJA | V11: 0 | W11: 0 | X11: 0
F12: J10 | G12: 0 | H12: 0 | I12: 1 | K12: J10 | L12: B | M12: M | N12: A | P12: GIRASOL | Q12: 500 | R12: 500 | S12: 500 | U12: GIRASOL | V12: 0 | W12: 0 | X12: 0
P13: SORGO | Q13: 500 | R13: 500 | S13: 500 | U13: SORGO | V13: 0 | W13: 0 | X13: 0
P14: MAIZ | Q14: 500 | R14: 500 | S14: 500 | U14: MAIZ | V14: 0 | W14: 0 | X14: 0
P15: SOJA | Q15: 500 | R15: 500 | S15: 500 | U15: SOJA | V15: 0 | W15: 0 | X15: 0
P16: SOJA II | Q16: 500 | R16: 500 | S16: 500 | U16: SOJA II | V16: 0 | W16: 0 | X16: 0
P17: MAIZ II | Q17: 500 | R17: 500 | S17: 500 | U17: MAIZ II | V17: 0 | W17: 0 | X17: 0
P18: MAIZ T | Q18: 500 | R18: 500 | S18: 500 | U18: MAIZ T | V18: 0 | W18: 0 | X18: 0
P19: AVENA CS | Q19: 500 | R19: 500 | S19: 500 | U19: AVENA CS | V19: 0 | W19: 0 | X19: 0
P20: R. GRASS CS | Q20: 500 | R20: 500 | S20: 500 | U20: R. GRASS CS | V20: 0 | W20: 0 | X20: 0
P21: VICIA CS | Q21: 32 | R21: 32 | S21: 32 | U21: VICIA CS | V21: 0 | W21: 0 | X21: 0
P22: BARBECHO | Q22: 500 | R22: 500 | S22: 500 | U22: BARBECHO | V22: 0 | W22: 0 | X22: 0

Sheet Costs
A1: Precio de venta - fsp [USD/ton] | F1: Costo de siembra - sc [USD/ha] | K1: COSTOS DE SIEMBRA | L1: Costo de SEMILLA - [USD/ha] | O1: Costo de AGROQUÍMICOS - [USD/ha] | R1: Costo de FERTILIZANTES - [USD/ha] | U1: Costo de LABORES - [USD/ha] | X1: Costo de ESTRUCTURA - [USD/ha] | AB1: Costo de cosecha - hc [USD/ha] | AH1: Costo de arrendamiento fijo - frc [USD/ha] | AN1: Costo de arrendamiento variable - vr [%] | AT1: Tarifa comercialización - tf [%] | AW1: % de producción a acondicionar - scp [%] | AY1: Costo de acondicionamiento - cp [USD/ton] | BE1: Proporción destinada a flete corto o embolsado - st [%] | BG1: Costo del flete corto o embolsado - cst [USD/ton] | BL1: Costo de flete largo - clt [USD/ton]
B2: C1 | C2: C2 | D2: C3 | G2: C1 | H2: C2 | I2: C3 | L2: C1 | M2: C2 | N2: C3 | O2: C1 | P2: C2 | Q2: C3 | R2: C1 | S2: C2 | T2: C3 | U2: C1 | V2: C2 | W2: C3 | X2: C1 | Y2: C2 | Z2: C3 | AC2: C1 | AD2: C2 | AE2: C3 | AI2: C1 | AJ2: C2 | AK2: C3 | AO2: C1 | AP2: C2 | AQ2: C3 | AS2: COLZA | AT2: 0.015 | AV2: COLZA | AW2: 0 | AZ2: C1 | BA2: C2 | BB2: C3 | BD2: COLZA | BE2: 0 | BH2: C1 | BI2: C2 | BJ2: C3 | BM2: C1 | BN2: C2 | BO2: C3
A3: COLZA | B3: 520 | C3: 520 | D3: 520 | F3: COLZA | G3: =+L3+O3+R3+U3+X3 -> 442.65 | H3: =+M3+P3+S3+V3+Y3 -> 442.65 | I3: =+N3+Q3+T3+W3+Z3 -> 442.65 | K3: COLZA | L3: 66 | M3: 66 | N3: 66 | O3: 99.05 | P3: 99.05 | Q3: 99.05 | R3: 172.1 | S3: 172.1 | T3: 172.1 | U3: 80.5 | V3: 80.5 | W3: 80.5 | X3: 25 | Y3: 25 | Z3: 25 | AB3: COLZA | AC3: 80 | AD3: 80 | AE3: 80 | AG3: ARVEJA | AH3: J1 | AI3: 0 | AJ3: 0 | AK3: 0 | AM3: COLZA | AN3: J1 | AO3: 0 | AP3: 0 | AQ3: 0 | AS3: CARINATA | AT3: 0 | AV3: CARINATA | AW3: 0 | AY3: COLZA | AZ3: 9 | BA3: 9 | BB3: 9 | BD3: CARINATA | BE3: 0 | BG3: COLZA | BH3: 8 | BI3: 8 | BJ3: 8 | BL3: COLZA | BM3: 17 | BN3: 17 | BO3: 17
A4: CARINATA | B4: 490 | C4: 490 | D4: 490 | F4: CARINATA | G4: =+L4+O4+R4+U4+X4 -> 439.937 | H4: =+M4+P4+S4+V4+Y4 -> 439.937 | I4: =+N4+Q4+T4+W4+Z4 -> 439.937 | K4: CARINATA | L4: 72 | M4: 72 | N4: 72 | O4: 90.337 | P4: 90.337 | Q4: 90.337 | R4: 172.1 | S4: 172.1 | T4: 172.1 | U4: 80.5 | V4: 80.5 | W4: 80.5 | X4: 25 | Y4: 25 | Z4: 25 | AB4: CARINATA | AC4: 80 | AD4: 80 | AE4: 80 | AG4: AVENA | AH4: J1 | AI4: 116 | AJ4: 116 | AK4: 116 | AM4: CARINATA | AN4: J1 | AO4: 0 | AP4: 0 | AQ4: 0 | AS4: AVENA | AT4: 0 | AV4: AVENA | AW4: 0 | AY4: CARINATA | AZ4: 9 | BA4: 9 | BB4: 9 | BD4: AVENA | BE4: 1 | BG4: CARINATA | BH4: 8 | BI4: 8 | BJ4: 8 | BL4: CARINATA | BM4: 33 | BN4: 33 | BO4: 33
A5: AVENA | B5: 250 | C5: 250 | D5: 250 | F5: AVENA | G5: =+L5+O5+R5+U5+X5 -> 331.0355 | H5: =+M5+P5+S5+V5+Y5 -> 331.0355 | I5: =+N5+Q5+T5+W5+Z5 -> 331.0355 | K5: AVENA | L5: 36 | M5: 36 | N5: 36 | O5: 38.8955 | P5: 38.8955 | Q5: 38.8955 | R5: 160.14 | S5: 160.14 | T5: 160.14 | U5: 71 | V5: 71 | W5: 71 | X5: 25 | Y5: 25 | Z5: 25 | AB5: AVENA | AC5: 70 | AD5: 70 | AE5: 70 | AG5: AVENA CS | AH5: J1 | AI5: 0 | AJ5: 0 | AK5: 0 | AM5: AVENA | AN5: J1 | AO5: 0 | AP5: 0 | AQ5: 0 | AS5: R. GRASS | AT5: 0 | AV5: R. GRASS | AW5: 0 | AY5: AVENA | AZ5: 9 | BA5: 9 | BB5: 9 | BD5: R. GRASS | BE5: 0 | BG5: AVENA | BH5: 8 | BI5: 8 | BJ5: 8 | BL5: AVENA | BM5: 0 | BN5: 0 | BO5: 0
A6: R. GRASS | B6: 550 | C6: 1100 | D6: 550 | F6: R. GRASS | G6: =+L6+O6+R6+U6+X6 -> 313.143 | H6: =+M6+P6+S6+V6+Y6 -> 313.143 | I6: =+N6+Q6+T6+W6+Z6 -> 313.143 | K6: R. GRASS | L6: 21.25 | M6: 21.25 | N6: 21.25 | O6: 29.293 | P6: 29.293 | Q6: 29.293 | R6: 172.1 | S6: 172.1 | T6: 172.1 | U6: 65.5 | V6: 65.5 | W6: 65.5 | X6: 25 | Y6: 25 | Z6: 25 | AB6: R. GRASS | AC6: 122 | AD6: 122 | AE6: 122 | AG6: BARBECHO | AH6: J1 | AI6: 0 | AJ6: 0 | AK6: 0 | AM6: R. GRASS | AN6: J1 | AO6: 0 | AP6: 0 | AQ6: 0 | AS6: TRIGO | AT6: 0.015 | AV6: TRIGO | AW6: 0 | AY6: R. GRASS | AZ6: 9 | BA6: 9 | BB6: 9 | BD6: TRIGO | BE6: 0 | BG6: R. GRASS | BH6: 8 | BI6: 8 | BJ6: 8 | BL6: R. GRASS | BM6: 22 | BN6: 22 | BO6: 22
A7: TRIGO | B7: 216 | C7: 190 | D7: 180 | F7: TRIGO | G7: =+L7+O7+R7+U7+X7 -> 443.18321 | H7: =+M7+P7+S7+V7+Y7 -> 443.18321 | I7: =+N7+Q7+T7+W7+Z7 -> 443.18321 | K7: TRIGO | L7: 59.5 | M7: 59.5 | N7: 59.5 | O7: 49.865 | P7: 49.865 | Q7: 49.865 | R7: 222.6 | S7: 222.6 | T7: 222.6 | U7: 86.218215 | V7: 86.218215 | W7: 86.218215 | X7: 25 | Y7: 25 | Z7: 25 | AB7: TRIGO | AC7: 75 | AD7: 75 | AE7: 75 | AG7: CAMELINA | AH7: J1 | AI7: 116 | AJ7: 116 | AK7: 116 | AM7: TRIGO | AN7: J1 | AO7: 0 | AP7: 0 | AQ7: 0 | AS7: CAMELINA | AT7: 0 | AV7: CAMELINA | AW7: 0 | AY7: TRIGO | AZ7: 9 | BA7: 9 | BB7: 9 | BD7: CAMELINA | BE7: 0 | BG7: TRIGO | BH7: 8 | BI7: 8 | BJ7: 8 | BL7: TRIGO | BM7: 13 | BN7: 13 | BO7: 13
A8: CAMELINA | B8: 380 | C8: 380 | D8: 380 | F8: CAMELINA | G8: =+L8+O8+R8+U8+X8 -> 367.898 | H8: =+M8+P8+S8+V8+Y8 -> 367.898 | I8: =+N8+Q8+T8+W8+Z8 -> 367.898 | K8: CAMELINA | L8: 14.95 | M8: 14.95 | N8: 14.95 | O8: 80.848 | P8: 80.848 | Q8: 80.848 | R8: 172.1 | S8: 172.1 | T8: 172.1 | U8: 75 | V8: 75 | W8: 75 | X8: 25 | Y8: 25 | Z8: 25 | AB8: CAMELINA | AC8: 80 | AD8: 80 | AE8: 80 | AG8: CARINATA | AH8: J1 | AI8: 116 | AJ8: 116 | AK8: 116 | AM8: CAMELINA | AN8: J1 | AO8: 0 | AP8: 0 | AQ8: 0 | AS8: CEBADA | AT8: 0 | AV8: CEBADA | AW8: 0 | AY8: CAMELINA | AZ8: 9 | BA8: 9 | BB8: 9 | BD8: CEBADA | BE8: 0 | BG8: CAMELINA | BH8: 0 | BI8: 0 | BJ8: 0 | BL8: CAMELINA | BM8: 23 | BN8: 23 | BO8: 23
A9: CEBADA | B9: 0 | C9: 0 | D9: 0 | F9: CEBADA | G9: =+L9+O9+R9+U9+X9 -> 109 | H9: =+M9+P9+S9+V9+Y9 -> 109 | I9: =+N9+Q9+T9+W9+Z9 -> 109 | K9: CEBADA | L9: 0 | M9: 0 | N9: 0 | O9: 0 | P9: 0 | Q9: 0 | R9: 0 | S9: 0 | T9: 0 | U9: 84 | V9: 84 | W9: 84 | X9: 25 | Y9: 25 | Z9: 25 | AB9: CEBADA | AC9: 0 | AD9: 0 | AE9: 0 | AG9: CEBADA | AH9: J1 | AI9: 0 | AJ9: 0 | AK9: 0 | AM9: CEBADA | AN9: J1 | AO9: 0 | AP9: 0 | AQ9: 0 | AS9: CENTENO | AT9: 0 | AV9: CENTENO | AW9: 0 | AY9: CEBADA | AZ9: 9 | BA9: 9 | BB9: 9 | BD9: CENTENO | BE9: 0 | BG9: CEBADA | BH9: 0 | BI9: 0 | BJ9: 0 | BL9: CEBADA | BM9: 0 | BN9: 0 | BO9: 0
A10: CENTENO | B10: 0 | C10: 0 | D10: 0 | F10: CENTENO | G10: =+L10+O10+R10+U10+X10 -> 96 | H10: =+M10+P10+S10+V10+Y10 -> 96 | I10: =+N10+Q10+T10+W10+Z10 -> 96 | K10: CENTENO | L10: 0 | M10: 0 | N10: 0 | O10: 0 | P10: 0 | Q10: 0 | R10: 0 | S10: 0 | T10: 0 | U10: 71 | V10: 71 | W10: 71 | X10: 25 | Y10: 25 | Z10: 25 | AB10: CENTENO | AC10: 0 | AD10: 0 | AE10: 0 | AG10: CENTENO | AH10: J1 | AI10: 0 | AJ10: 0 | AK10: 0 | AM10: CENTENO | AN10: J1 | AO10: 0 | AP10: 0 | AQ10: 0 | AS10: ARVEJA | AT10: 0 | AV10: ARVEJA | AW10: 0 | AY10: CENTENO | AZ10: 9 | BA10: 9 | BB10: 9 | BD10: ARVEJA | BE10: 0 | BG10: CENTENO | BH10: 0 | BI10: 0 | BJ10: 0 | BL10: CENTENO | BM10: 0 | BN10: 0 | BO10: 0
A11: ARVEJA | B11: 0 | C11: 0 | D11: 0 | F11: ARVEJA | G11: =+L11+O11+R11+U11+X11 -> 278.81 | H11: =+M11+P11+S11+V11+Y11 -> 278.81 | I11: =+N11+Q11+T11+W11+Z11 -> 278.81 | K11: ARVEJA | L11: 115.5 | M11: 115.5 | N11: 115.5 | O11: 32.16 | P11: 32.16 | Q11: 32.16 | R11: 35.15 | S11: 35.15 | T11: 35.15 | U11: 71 | V11: 71 | W11: 71 | X11: 25 | Y11: 25 | Z11: 25 | AB11: ARVEJA | AC11: 0 | AD11: 0 | AE11: 0 | AG11: COLZA | AH11: J1 | AI11: 116 | AJ11: 116 | AK11: 116 | AM11: ARVEJA | AN11: J1 | AO11: 0 | AP11: 0 | AQ11: 0 | AS11: GIRASOL | AT11: 0 | AV11: GIRASOL | AW11: 0 | AY11: ARVEJA | AZ11: 9 | BA11: 9 | BB11: 9 | BD11: GIRASOL | BE11: 0 | BG11: ARVEJA | BH11: 0 | BI11: 0 | BJ11: 0 | BL11: ARVEJA | BM11: 0 | BN11: 0 | BO11: 0
A12: GIRASOL | B12: 0 | C12: 0 | D12: 0 | F12: GIRASOL | G12: =+L12+O12+R12+U12+X12 -> 468.105 | H12: =+M12+P12+S12+V12+Y12 -> 468.105 | I12: =+N12+Q12+T12+W12+Z12 -> 468.105 | K12: GIRASOL | L12: 86.4 | M12: 86.4 | N12: 86.4 | O12: 74.005 | P12: 74.005 | Q12: 74.005 | R12: 142.2 | S12: 142.2 | T12: 142.2 | U12: 115.5 | V12: 115.5 | W12: 115.5 | X12: 50 | Y12: 50 | Z12: 50 | AB12: GIRASOL | AC12: 0 | AD12: 0 | AE12: 0 | AG12: GIRASOL | AH12: J1 | AI12: 0 | AJ12: 0 | AK12: 0 | AM12: GIRASOL | AN12: J1 | AO12: 0 | AP12: 0 | AQ12: 0 | AS12: SORGO | AT12: 0.015 | AV12: SORGO | AW12: 0.7 | AY12: GIRASOL | AZ12: 9 | BA12: 9 | BB12: 9 | BD12: SORGO | BE12: 0.5 | BG12: GIRASOL | BH12: 0 | BI12: 0 | BJ12: 0 | BL12: GIRASOL | BM12: 0 | BN12: 0 | BO12: 0
A13: SORGO | B13: 190 | C13: 190 | D13: 190 | F13: SORGO | G13: =+L13+O13+R13+U13+X13 -> 445.97739 | H13: =+M13+P13+S13+V13+Y13 -> 445.97739 | I13: =+N13+Q13+T13+W13+Z13 -> 445.97739 | K13: SORGO | L13: 65.217391 | M13: 65.217391 | N13: 65.217391 | O13: 78.16 | P13: 78.16 | Q13: 78.16 | R13: 172.1 | S13: 172.1 | T13: 172.1 | U13: 80.5 | V13: 80.5 | W13: 80.5 | X13: 50 | Y13: 50 | Z13: 50 | AB13: SORGO | AC13: 80 | AD13: 80 | AE13: 80 | AG13: MAIZ | AH13: J1 | AI13: 232 | AJ13: 232 | AK13: 232 | AM13: SORGO | AN13: J1 | AO13: 0 | AP13: 0 | AQ13: 0 | AS13: MAIZ | AT13: 0.015 | AV13: MAIZ | AW13: 0 | AY13: SORGO | AZ13: 9 | BA13: 9 | BB13: 9 | BD13: MAIZ | BE13: 0.5 | BG13: SORGO | BH13: 8 | BI13: 8 | BJ13: 8 | BL13: SORGO | BM13: 23 | BN13: 23 | BO13: 23
A14: MAIZ | B14: 181 | C14: 181 | D14: 181 | F14: MAIZ | G14: =+L14+O14+R14+U14+X14 -> 502.18769 | H14: =+M14+P14+S14+V14+Y14 -> 502.18769 | I14: =+N14+Q14+T14+W14+Z14 -> 502.18769 | K14: MAIZ | L14: 92.307692 | M14: 92.307692 | N14: 92.307692 | O14: 67.38 | P14: 67.38 | Q14: 67.38 | R14: 219 | S14: 219 | T14: 219 | U14: 73.5 | V14: 73.5 | W14: 73.5 | X14: 50 | Y14: 50 | Z14: 50 | AB14: MAIZ | AC14: 90 | AD14: 90 | AE14: 90 | AG14: MAIZ II | AH14: J1 | AI14: 232 | AJ14: 232 | AK14: 232 | AM14: MAIZ | AN14: J1 | AO14: 0 | AP14: 0 | AQ14: 0 | AS14: SOJA | AT14: 0.015 | AV14: SOJA | AW14: 0.3 | AY14: MAIZ | AZ14: 9 | BA14: 9 | BB14: 9 | BD14: SOJA | BE14: 0.5 | BG14: MAIZ | BH14: 8 | BI14: 8 | BJ14: 8 | BL14: MAIZ | BM14: 12 | BN14: 12 | BO14: 12
... A21: VICIA CS | B21: 1300 | C21: 1300 | D21: 1300 | F21: VICIA CS | G21: =+L21+O21+R21+U21+X21 -> 194.18 | H21: =+M21+P21+S21+V21+Y21 -> 194.18 | I21: =+N21+Q21+T21+W21+Z21 -> 194.18 | K21: VICIA CS | L21: 55 | M21: 55 | N21: 55 | O21: 21.68 | P21: 21.68 | Q21: 21.68 | R21: 51.5 | S21: 51.5 | T21: 51.5 | U21: 66 | V21: 66 | W21: 66 | X21: 0 | Y21: 0 | Z21: 0 | AB21: VICIA CS | AC21: 80 | AD21: 80 | AE21: 80 | AG21: TRIGO | AH21: J1 | AI21: 116 | AJ21: 116 | AK21: 116 | AM21: VICIA CS | AN21: J1 | AO21: 0 | AP21: 0 | AQ21: 0 | AS21: BARBECHO | AT21: 0 | AV21: BARBECHO | AW21: 0 | AY21: VICIA CS | AZ21: 9 | BA21: 9 | BB21: 9 | BD21: BARBECHO | BE21: 0 | BG21: VICIA CS | BH21: 8 | BI21: 8 | BJ21: 8 | BL21: VICIA CS | BM21: 0 | BN21: 0 | BO21: 0
A22: BARBECHO | B22: 0 | C22: 0 | D22: 0 | F22: BARBECHO | G22: =+L22+O22+R22+U22+X22 -> 0 | H22: =+M22+P22+S22+V22+Y22 -> 0 | I22: =+N22+Q22+T22+W22+Z22 -> 0 | K22: BARBECHO | L22: 0 | M22: 0 | N22: 0 | O22: 0 | P22: 0 | Q22: 0 | R22: 0 | S22: 0 | T22: 0 | U22: 0 | V22: 0 | W22: 0 | X22: 0 | Y22: 0 | Z22: 0 | AB22: BARBECHO | AC22: 0 | AD22: 0 | AE22: 0 | AG22: VICIA CS | AH22: J1 | AI22: 116 | AJ22: 116 | AK22: 116 | AM22: BARBECHO | AN22: J1 | AO22: 0 | AP22: 0 | AQ22: 0 | AY22: BARBECHO | AZ22: 9 | BA22: 9 | BB22: 9 | BG22: BARBECHO | BH22: 0 | BI22: 0 | BJ22: 0 | BL22: BARBECHO | BM22: 0 | BN22: 0 | BO22: 0
AG23: ARVEJA | AH23: J2 | AI23: 0 | AJ23: 0 | AK23: 0 | AM23: COLZA | AN23: J2 | AO23: 0 | AP23: 0 | AQ23: 0
AG24: AVENA | AH24: J2 | AI24: 116 | AJ24: 116 | AK24: 116 | AM24: CARINATA | AN24: J2 | AO24: 0 | AP24: 0 | AQ24: 0
AG25: AVENA CS | AH25: J2 | AI25: 0 | AJ25: 0 | AK25: 0 | AM25: AVENA | AN25: J2 | AO25: 0 | AP25: 0 | AQ25: 0
AG26: BARBECHO | AH26: J2 | AI26: 0 | AJ26: 0 | AK26: 0 | AM26: R. GRASS | AN26: J2 | AO26: 0 | AP26: 0 | AQ26: 0
AG27: CAMELINA | AH27: J2 | AI27: 116 | AJ27: 116 | AK27: 116 | AM27: TRIGO | AN27: J2 | AO27: 0 | AP27: 0 | AQ27: 0
AG28: CARINATA | AH28: J2 | AI28: 116 | AJ28: 116 | AK28: 116 | AM28: CAMELINA | AN28: J2 | AO28: 0 | AP28: 0 | AQ28: 0
AG29: CEBADA | AH29: J2 | AI29: 0 | AJ29: 0 | AK29: 0 | AM29: CEBADA | AN29: J2 | AO29: 0 | AP29: 0 | AQ29: 0
AG30: CENTENO | AH30: J2 | AI30: 0 | AJ30: 0 | AK30: 0 | AM30: CENTENO | AN30: J2 | AO30: 0 | AP30: 0 | AQ30: 0
AG31: COLZA | AH31: J2 | AI31: 116 | AJ31: 116 | AK31: 116 | AM31: ARVEJA | AN31: J2 | AO31: 0 | AP31: 0 | AQ31: 0
AG32: GIRASOL | AH32: J2 | AI32: 0 | AJ32: 0 | AK32: 0 | AM32: GIRASOL | AN32: J2 | AO32: 0 | AP32: 0 | AQ32: 0
AG33: MAIZ | AH33: J2 | AI33: 232 | AJ33: 232 | AK33: 232 | AM33: SORGO | AN33: J2 | AO33: 0 | AP33: 0 | AQ33: 0
AG34: MAIZ II | AH34: J2 | AI34: 232 | AJ34: 232 | AK34: 232 | AM34: MAIZ | AN34: J2 | AO34: 0 | AP34: 0 | AQ34: 0
... AG202: VICIA CS | AH202: J10 | AI202: 116 | AJ202: 116 | AK202: 116 | AM202: BARBECHO | AN202: J10 | AO202: 0 | AP202: 0 | AQ202: 0

Sheet Crops (I)
A1: I | B1: gt | C1: st_start | D1: st_end | F1: setup - cultivo actual en 1 columna, cultivo pasado en 1 fila | AB1: ar - secuenciamiento {0,1} | AX1: Compatibilidad con tipos de suelo
A2: COLZA | B2: =ROUND(Fechas!M3,0) -> 213 | C2: =+Fechas!J3 -> -60 | D2: =+Fechas!L3 -> 0 | G2: COLZA | H2: CARINATA | I2: AVENA | J2: R. GRASS | K2: TRIGO | L2: CAMELINA | M2: CEBADA | N2: CENTENO | O2: ARVEJA | P2: GIRASOL | Q2: SORGO | R2: MAIZ | S2: SOJA | T2: SOJA II | U2: MAIZ II | V2: MAIZ T | W2: AVENA CS | X2: R. GRASS CS | Y2: VICIA CS | Z2: BARBECHO | AC2: COLZA | AD2: CARINATA | AE2: AVENA | AF2: R. GRASS | AG2: TRIGO | AH2: CAMELINA | AI2: CEBADA | AJ2: CENTENO | AK2: ARVEJA | AL2: GIRASOL | AM2: SORGO | AN2: MAIZ | AO2: SOJA | AP2: SOJA II | AQ2: MAIZ II | AR2: MAIZ T | AS2: AVENA CS | AT2: R. GRASS CS | AU2: VICIA CS | AV2: BARBECHO | AY2: S1 | AZ2: S2 | BA2: S3
A3: CARINATA | B3: =ROUND(Fechas!M4,0) -> 213 | C3: =+Fechas!J4 -> -60 | D3: =+Fechas!L4 -> 0 | F3: COLZA | G3: 0 | H3: 30 | I3: 30 | J3: 30 | K3: 30 | L3: 30 | M3: 30 | N3: 30 | O3: 30 | P3: 30 | Q3: 30 | R3: 30 | S3: 30 | T3: 0 | U3: 0 | V3: 30 | W3: -20 | X3: -20 | Y3: 30 | Z3: 0 | AB3: COLZA | AC3: 0 | AD3: 1 | AE3: 1 | AF3: 1 | AG3: 1 | AH3: 1 | AI3: 1 | AJ3: 1 | AK3: 1 | AL3: 1 | AM3: 1 | AN3: 1 | AO3: 1 | AP3: 1 | AQ3: 1 | AR3: 1 | AS3: 1 | AT3: 1 | AU3: 1 | AV3: 1 | AX3: COLZA | AY3: 1 | AZ3: 1 | BA3: 1
A4: AVENA | B4: =ROUND(Fechas!M5,0) -> 183 | C4: =+Fechas!J5 -> -30 | D4: =+Fechas!L5 -> 30 | F4: CARINATA | G4: 30 | H4: 0 | I4: 30 | J4: 30 | K4: 30 | L4: 30 | M4: 30 | N4: 30 | O4: 30 | P4: 30 | Q4: 30 | R4: 30 | S4: 30 | T4: 0 | U4: 0 | V4: 30 | W4: -20 | X4: -20 | Y4: 30 | Z4: 0 | AB4: CARINATA | AC4: 1 | AD4: 0 | AE4: 1 | AF4: 1 | AG4: 1 | AH4: 1 | AI4: 1 | AJ4: 1 | AK4: 1 | AL4: 1 | AM4: 1 | AN4: 1 | AO4: 1 | AP4: 1 | AQ4: 1 | AR4: 1 | AS4: 1 | AT4: 1 | AU4: 1 | AV4: 1 | AX4: CARINATA | AY4: 1 | AZ4: 1 | BA4: 1
A5: R. GRASS | B5: =ROUND(Fechas!M6,0) -> 183 | C5: =+Fechas!J6 -> -60 | D5: =+Fechas!L6 -> 30 | F5: AVENA | G5: 30 | H5: 30 | I5: 0 | J5: 30 | K5: 30 | L5: 30 | M5: 30 | N5: 30 | O5: 30 | P5: 30 | Q5: 30 | R5: 30 | S5: 30 | T5: 0 | U5: 0 | V5: 30 | W5: -20 | X5: -20 | Y5: 30 | Z5: 0 | AB5: AVENA | AC5: 1 | AD5: 1 | AE5: 0 | AF5: 1 | AG5: 1 | AH5: 1 | AI5: 1 | AJ5: 1 | AK5: 1 | AL5: 1 | AM5: 1 | AN5: 1 | AO5: 1 | AP5: 1 | AQ5: 1 | AR5: 1 | AS5: 1 | AT5: 1 | AU5: 1 | AV5: 1 | AX5: AVENA | AY5: 1 | AZ5: 1 | BA5: 1
A6: TRIGO | B6: =ROUND(Fechas!M7,0) -> 183 | C6: =+Fechas!J7 -> -30 | D6: =+Fechas!L7 -> 45 | F6: R. GRASS | G6: 30 | H6: 30 | I6: 30 | J6: 0 | K6: 30 | L6: 30 | M6: 30 | N6: 30 | O6: 30 | P6: 30 | Q6: 30 | R6: 30 | S6: 30 | T6: 0 | U6: 0 | V6: 30 | W6: -20 | X6: -20 | Y6: 30 | Z6: 0 | AB6: R. GRASS | AC6: 1 | AD6: 1 | AE6: 1 | AF6: 0 | AG6: 1 | AH6: 1 | AI6: 1 | AJ6: 1 | AK6: 1 | AL6: 1 | AM6: 1 | AN6: 1 | AO6: 1 | AP6: 1 | AQ6: 1 | AR6: 1 | AS6: 1 | AT6: 1 | AU6: 1 | AV6: 1 | AX6: R. GRASS | AY6: 1 | AZ6: 1 | BA6: 1
A7: CAMELINA | B7: =ROUND(Fechas!M8,0) -> 122 | C7: =+Fechas!J8 -> -30 | D7: =+Fechas!L8 -> 30 | F7: TRIGO | G7: 30 | H7: 30 | I7: 30 | J7: 30 | K7: 0 | L7: 30 | M7: 30 | N7: 30 | O7: 30 | P7: 30 | Q7: 30 | R7: 30 | S7: 30 | T7: 0 | U7: 0 | V7: 30 | W7: -20 | X7: -20 | Y7: 30 | Z7: 0 | AB7: TRIGO | AC7: 1 | AD7: 1 | AE7: 1 | AF7: 1 | AG7: 0 | AH7: 1 | AI7: 1 | AJ7: 1 | AK7: 1 | AL7: 1 | AM7: 1 | AN7: 1 | AO7: 1 | AP7: 1 | AQ7: 1 | AR7: 1 | AS7: 1 | AT7: 1 | AU7: 1 | AV7: 1 | AX7: TRIGO | AY7: 1 | AZ7: 1 | BA7: 1
A8: CEBADA | B8: =ROUND(Fechas!M9,0) -> 152 | C8: =+Fechas!J9 -> 1 | D8: =+Fechas!L9 -> 61 | F8: CAMELINA | G8: 30 | H8: 30 | I8: 30 | J8: 30 | K8: 30 | L8: 0 | M8: 30 | N8: 30 | O8: 30 | P8: 30 | Q8: 30 | R8: 30 | S8: 30 | T8: 0 | U8: 0 | V8: 30 | W8: -20 | X8: -20 | Y8: 30 | Z8: 0 | AB8: CAMELINA | AC8: 1 | AD8: 1 | AE8: 1 | AF8: 1 | AG8: 1 | AH8: 0 | AI8: 1 | AJ8: 1 | AK8: 1 | AL8: 1 | AM8: 1 | AN8: 1 | AO8: 1 | AP8: 1 | AQ8: 1 | AR8: 1 | AS8: 1 | AT8: 1 | AU8: 1 | AV8: 1 | AX8: CAMELINA | AY8: 1 | AZ8: 1 | BA8: 1
A9: CENTENO | B9: =ROUND(Fechas!M10,0) -> 152 | C9: =+Fechas!J10 -> 1 | D9: =+Fechas!L10 -> 61 | F9: CEBADA | G9: 30 | H9: 30 | I9: 30 | J9: 30 | K9: 30 | L9: 30 | M9: 0 | N9: 30 | O9: 30 | P9: 30 | Q9: 30 | R9: 30 | S9: 30 | T9: 0 | U9: 0 | V9: 30 | W9: -20 | X9: -20 | Y9: 30 | Z9: 0 | AB9: CEBADA | AC9: 1 | AD9: 1 | AE9: 1 | AF9: 1 | AG9: 1 | AH9: 1 | AI9: 0 | AJ9: 1 | AK9: 1 | AL9: 1 | AM9: 1 | AN9: 1 | AO9: 1 | AP9: 1 | AQ9: 1 | AR9: 1 | AS9: 1 | AT9: 1 | AU9: 1 | AV9: 1 | AX9: CEBADA | AY9: 1 | AZ9: 1 | BA9: 1
A10: ARVEJA | B10: =ROUND(Fechas!M11,0) -> 152 | C10: =+Fechas!J11 -> 1 | D10: =+Fechas!L11 -> 92 | F10: CENTENO | G10: 30 | H10: 30 | I10: 30 | J10: 30 | K10: 30 | L10: 30 | M10: 30 | N10: 0 | O10: 30 | P10: 30 | Q10: 30 | R10: 30 | S10: 30 | T10: 0 | U10: 0 | V10: 30 | W10: -20 | X10: -20 | Y10: 30 | Z10: 0 | AB10: CENTENO | AC10: 1 | AD10: 1 | AE10: 1 | AF10: 1 | AG10: 1 | AH10: 1 | AI10: 1 | AJ10: 0 | AK10: 1 | AL10: 1 | AM10: 1 | AN10: 1 | AO10: 1 | AP10: 1 | AQ10: 1 | AR10: 1 | AS10: 1 | AT10: 1 | AU10: 1 | AV10: 1 | AX10: CENTENO | AY10: 1 | AZ10: 1 | BA10: 1
A11: GIRASOL | B11: =ROUND(Fechas!M12,0) -> 183 | C11: =+Fechas!J12 -> 71 | D11: =+Fechas!L12 -> 122 | F11: ARVEJA | G11: 30 | H11: 30 | I11: 30 | J11: 30 | K11: 30 | L11: 30 | M11: 30 | N11: 30 | O11: 0 | P11: 30 | Q11: 30 | R11: 30 | S11: 30 | T11: 0 | U11: 0 | V11: 30 | W11: -20 | X11: -20 | Y11: 30 | Z11: 0 | AB11: ARVEJA | AC11: 1 | AD11: 1 | AE11: 1 | AF11: 1 | AG11: 1 | AH11: 1 | AI11: 1 | AJ11: 1 | AK11: 0 | AL11: 1 | AM11: 1 | AN11: 1 | AO11: 1 | AP11: 1 | AQ11: 1 | AR11: 1 | AS11: 1 | AT11: 1 | AU11: 1 | AV11: 1 | AX11: ARVEJA | AY11: 1 | AZ11: 1 | BA11: 1
A12: SORGO | B12: =ROUND(Fechas!M13,0) -> 183 | C12: =+Fechas!J13 -> 107 | D12: =+Fechas!L13 -> 168 | F12: GIRASOL | G12: 30 | H12: 30 | I12: 30 | J12: 30 | K12: 30 | L12: 30 | M12: 30 | N12: 30 | O12: 30 | P12: 0 | Q12: 30 | R12: 30 | S12: 30 | T12: 0 | U12: 0 | V12: 30 | W12: -20 | X12: -20 | Y12: 30 | Z12: 0 | AB12: GIRASOL | AC12: 1 | AD12: 1 | AE12: 1 | AF12: 1 | AG12: 1 | AH12: 1 | AI12: 1 | AJ12: 1 | AK12: 1 | AL12: 0 | AM12: 1 | AN12: 1 | AO12: 1 | AP12: 1 | AQ12: 1 | AR12: 1 | AS12: 1 | AT12: 1 | AU12: 1 | AV12: 1 | AX12: GIRASOL | AY12: 1 | AZ12: 1 | BA12: 1
A13: MAIZ | B13: =ROUND(Fechas!M14,0) -> 183 | C13: =+Fechas!J14 -> 76 | D13: =+Fechas!L14 -> 107 | F13: SORGO | G13: 30 | H13: 30 | I13: 30 | J13: 30 | K13: 30 | L13: 30 | M13: 30 | N13: 30 | O13: 30 | P13: 30 | Q13: 0 | R13: 30 | S13: 30 | T13: 0 | U13: 0 | V13: 30 | W13: -20 | X13: -20 | Y13: 30 | Z13: 0 | AB13: SORGO | AC13: 1 | AD13: 1 | AE13: 1 | AF13: 1 | AG13: 1 | AH13: 1 | AI13: 1 | AJ13: 1 | AK13: 1 | AL13: 1 | AM13: 0 | AN13: 1 | AO13: 1 | AP13: 1 | AQ13: 1 | AR13: 1 | AS13: 1 | AT13: 1 | AU13: 1 | AV13: 1 | AX13: SORGO | AY13: 1 | AZ13: 1 | BA13: 1
A14: SOJA | B14: =ROUND(Fechas!M15,0) -> 152 | C14: =+Fechas!J15 -> 132 | D14: =+Fechas!L15 -> 183 | F14: MAIZ | G14: 30 | H14: 30 | I14: 30 | J14: 30 | K14: 30 | L14: 30 | M14: 30 | N14: 30 | O14: 30 | P14: 30 | Q14: 30 | R14: 0 | S14: 30 | T14: 0 | U14: 0 | V14: 30 | W14: -20 | X14: -20 | Y14: 30 | Z14: 0 | AB14: MAIZ | AC14: 1 | AD14: 1 | AE14: 1 | AF14: 1 | AG14: 1 | AH14: 1 | AI14: 1 | AJ14: 1 | AK14: 1 | AL14: 1 | AM14: 1 | AN14: 0 | AO14: 1 | AP14: 1 | AQ14: 1 | AR14: 1 | AS14: 1 | AT14: 1 | AU14: 1 | AV14: 1 | AX14: MAIZ | AY14: 1 | AZ14: 1 | BA14: 1
... A20: VICIA CS | B20: =ROUND(Fechas!M21,0) -> 213 | C20: =+Fechas!J21 -> -77 | D20: =+Fechas!L21 -> -16 | F20: R. GRASS CS | G20: 30 | H20: 30 | I20: 30 | J20: 30 | K20: 30 | L20: 30 | M20: 30 | N20: 30 | O20: 30 | P20: 30 | Q20: 30 | R20: 30 | S20: 30 | T20: 0 | U20: 0 | V20: 30 | W20: -20 | X20: 0 | Y20: 30 | Z20: 0 | AB20: R. GRASS CS | AC20: 1 | AD20: 1 | AE20: 1 | AF20: 1 | AG20: 1 | AH20: 1 | AI20: 1 | AJ20: 1 | AK20: 1 | AL20: 1 | AM20: 1 | AN20: 1 | AO20: 1 | AP20: 1 | AQ20: 1 | AR20: 1 | AS20: 1 | AT20: 0 | AU20: 1 | AV20: 1 | AX20: R. GRASS CS | AY20: 1 | AZ20: 1 | BA20: 1
A21: BARBECHO | B21: =ROUND(Fechas!M22,0) -> 0 | C21: 1 | D21: 365 | F21: VICIA CS | G21: 30 | H21: 30 | I21: 30 | J21: 30 | K21: 30 | L21: 30 | M21: 30 | N21: 30 | O21: 30 | P21: 30 | Q21: 30 | R21: 30 | S21: 30 | T21: 0 | U21: 0 | V21: 30 | W21: -20 | X21: -20 | Y21: 0 | Z21: 0 | AB21: VICIA CS | AC21: 1 | AD21: 1 | AE21: 1 | AF21: 1 | AG21: 1 | AH21: 1 | AI21: 1 | AJ21: 1 | AK21: 1 | AL21: 1 | AM21: 1 | AN21: 1 | AO21: 1 | AP21: 1 | AQ21: 1 | AR21: 1 | AS21: 1 | AT21: 1 | AU21: 0 | AV21: 1 | AX21: VICIA CS | AY21: 1 | AZ21: 1 | BA21: 1
F22: BARBECHO | G22: 30 | H22: 30 | I22: 30 | J22: 30 | K22: 30 | L22: 30 | M22: 30 | N22: 30 | O22: 30 | P22: 30 | Q22: 30 | R22: 30 | S22: 30 | T22: 0 | U22: 0 | V22: 30 | W22: -20 | X22: -20 | Y22: 30 | Z22: 0 | AB22: BARBECHO | AC22: 1 | AD22: 1 | AE22: 1 | AF22: 1 | AG22: 1 | AH22: 1 | AI22: 1 | AJ22: 1 | AK22: 1 | AL22: 1 | AM22: 1 | AN22: 1 | AO22: 1 | AP22: 1 | AQ22: 1 | AR22: 1 | AS22: 1 | AT22: 1 | AU22: 1 | AV22: 0 | AX22: BARBECHO | AY22: 1 | AZ22: 1 | BA22: 1

Sheet History (Ch)
B1: Crop history of each plot - xh | H1: α
C2: CH1 | D2: CH2 | E2: CH3 | G2: L0 | H2: 1.2
A3: COLZA | B3: J1 | C3: 0 | D3: 0 | E3: 0 | G3: L1 | H3: 1
A4: CARINATA | B4: J1 | C4: 0 | D4: 0 | E4: 0 | G4: L2 | H4: 0.4
A5: AVENA | B5: J1 | C5: 0 | D5: 0 | E5: 0 | G5: L3 | H5: 0.1
A6: R. GRASS | B6: J1 | C6: 0 | D6: 0 | E6: 0 | G6: L4 | H6: 0
A7: TRIGO | B7: J1 | C7: 0 | D7: 0 | E7: 0 | G7: L5 | H7: 0
A8: CAMELINA | B8: J1 | C8: 0 | D8: 0 | E8: 0
A9: CEBADA | B9: J1 | C9: 0 | D9: 0 | E9: 0
A10: CENTENO | B10: J1 | C10: 0 | D10: 0 | E10: 0
A11: ARVEJA | B11: J1 | C11: 0 | D11: 0 | E11: 0
A12: GIRASOL | B12: J1 | C12: 0 | D12: 0 | E12: 0
A13: SORGO | B13: J1 | C13: 0 | D13: 0 | E13: 0
A14: MAIZ | B14: J1 | C14: 0 | D14: 1 | E14: 0
A15: SOJA | B15: J1 | C15: 1 | D15: 0 | E15: 1
A16: SOJA II | B16: J1 | C16: 0 | D16: 0 | E16: 0
A17: MAIZ II | B17: J1 | C17: 0 | D17: 0 | E17: 0
A18: MAIZ T | B18: J1 | C18: 0 | D18: 0 | E18: 0
A19: AVENA CS | B19: J1 | C19: 0 | D19: 1 | E19: 0
... A202: BARBECHO | B202: J10 | C202: 0 | D202: 0 | E202: 0

Sheet Yields
A1: yield_max (ton/ha) - Bolsa de comercio de Entre Ríos publica rendimientos promedio por departamento
B2: COLZA | C2: CARINATA | D2: AVENA | E2: R. GRASS | F2: TRIGO | G2: CAMELINA | H2: CEBADA | I2: CENTENO | J2: ARVEJA | K2: GIRASOL | L2: SORGO | M2: MAIZ | N2: SOJA | O2: SOJA II | P2: MAIZ II | Q2: MAIZ T | R2: AVENA CS | S2: R. GRASS CS | T2: VICIA CS | U2: BARBECHO
A3: S1 | B3: 2.75 | C3: 2.64 | D3: =D4*1.1 -> 2.42 | E3: =E4*1.1 -> 1.32 | F3: =F4*1.1 -> 4.598 | G3: =G4*1.1 -> 0.726 | H3: 3.3 | I3: =I4*1.1 -> 2.42 | J3: 3.1 | K3: 2.7 | L3: 4.07 | M3: 6.93 | N3: =N4*1.1 -> 3.025 | O3: =O4*1.1 -> 2.42 | P3: 6.6 | Q3: 6.71 | R3: 0 | S3: 0 | T3: =T4*1.1 -> 0.9075 | U3: 0
A4: S2 | B4: 2.5 | C4: 2.4 | D4: =D5*1.1 -> 2.2 | E4: 1.2 | F4: =F5*1.1 -> 4.18 | G4: =G5*1.1 -> 0.66 | H4: 3 | I4: 2.2 | J4: 2.8 | K4: =K5*1.1 -> 0 | L4: 3.7 | M4: 6.3 | N4: =N5*1.1 -> 2.75 | O4: =O5*1.1 -> 2.2 | P4: 6 | Q4: 6.1 | R4: 0 | S4: 0 | T4: =T5*1.1 -> 0.825 | U4: 0
A5: S3 | B5: 1.6 | C5: 1.6 | D5: 2 | E5: =E4*0.9 -> 1.08 | F5: 3.8 | G5: 0.6 | H5: 0 | I5: 0 | J5: 0 | K5: 0 | L5: 5 | M5: 6.5 | N5: 2.5 | O5: 2 | P5: 5.5 | Q5: 5.5 | R5: 0 | S5: 0 | T5: 0.75 | U5: 0

Sheet Rotations(red)
B1: CULTIVO PREDECESOR
B2: COLZA | C2: CARINATA | D2: AVENA | E2: R. GRASS | F2: TRIGO | G2: CAMELINA | H2: CEBADA | I2: CENTENO | J2: ARVEJA | K2: GIRASOL | L2: SORGO | M2: MAIZ | N2: SOJA | O2: SOJA II | P2: MAIZ II | Q2: MAIZ T | R2: AVENA CS | S2: R. GRASS CS | T2: VICIA CS | U2: BARBECHO
A3: COLZA | B3: -0.15 | C3: -0.15 | D3: 0 | E3: 0 | F3: 0 | G3: 0 | H3: 0 | I3: 0 | J3: 0 | K3: 0 | L3: 0 | M3: 0.1 | N3: 0 | O3: 0 | P3: 0 | Q3: 0 | R3: 0 | S3: 0 | T3: 0.05 | U3: 0
A4: CARINATA | B4: -0.15 | C4: -0.15 | D4: 0 | E4: 0 | F4: 0 | G4: 0 | H4: 0 | I4: 0 | J4: 0 | K4: 0 | L4: 0 | M4: 0.1 | N4: 0 | O4: 0 | P4: 0 | Q4: 0 | R4: 0 | S4: 0 | T4: 0.05 | U4: 0
A5: AVENA | B5: 0 | C5: 0 | D5: -0.1 | E5: 0 | F5: 0 | G5: 0 | H5: 0 | I5: 0 | J5: 0 | K5: 0 | L5: 0 | M5: 0.05 | N5: 0.05 | O5: 0 | P5: 0 | Q5: 0 | R5: 0 | S5: 0 | T5: 0.05 | U5: 0
A6: R. GRASS | B6: 0 | C6: 0 | D6: 0 | E6: -0.1 | F6: 0 | G6: 0 | H6: 0 | I6: 0 | J6: 0 | K6: 0 | L6: 0 | M6: 0 | N6: 0 | O6: 0 | P6: 0 | Q6: 0 | R6: 0 | S6: 0 | T6: 0.05 | U6: 0
A7: TRIGO | B7: 0 | C7: 0 | D7: 0 | E7: 0 | F7: -0.15 | G7: 0 | H7: 0 | I7: 0 | J7: 0 | K7: 0 | L7: 0 | M7: 0.05 | N7: 0.05 | O7: 0 | P7: 0 | Q7: 0 | R7: 0 | S7: 0 | T7: 0.05 | U7: 0
A8: CAMELINA | B8: 0 | C8: 0 | D8: 0 | E8: 0 | F8: 0 | G8: 0 | H8: 0 | I8: 0 | J8: 0 | K8: 0 | L8: 0 | M8: 0.05 | N8: 0 | O8: 0 | P8: 0 | Q8: 0 | R8: 0 | S8: 0 | T8: 0.05 | U8: 0
A9: CEBADA | B9: 0 | C9: 0 | D9: 0 | E9: 0 | F9: 0 | G9: 0 | H9: -0.1 | I9: 0 | J9: 0 | K9: 0 | L9: 0 | M9: 0.05 | N9: 0.05 | O9: 0 | P9: 0 | Q9: 0 | R9: 0 | S9: 0 | T9: 0.05 | U9: 0
A10: CENTENO | B10: 0 | C10: 0 | D10: 0 | E10: 0 | F10: 0 | G10: 0 | H10: 0 | I10: -0.1 | J10: 0 | K10: 0 | L10: 0 | M10: 0.05 | N10: 0.05 | O10: 0 | P10: 0 | Q10: 0 | R10: 0 | S10: 0 | T10: 0.05 | U10: 0
A11: ARVEJA | B11: 0 | C11: 0 | D11: 0 | E11: 0 | F11: 0 | G11: 0 | H11: 0 | I11: 0 | J11: -0.1 | K11: 0 | L11: 0 | M11: 0.05 | N11: 0 | O11: 0 | P11: 0 | Q11: 0 | R11: 0 | S11: 0 | T11: 0.05 | U11: 0
A12: GIRASOL | B12: 0 | C12: 0 | D12: 0 | E12: 0 | F12: 0 | G12: 0 | H12: 0 | I12: 0 | J12: 0 | K12: 0 | L12: 0 | M12: 0.1 | N12: 0 | O12: 0 | P12: 0 | Q12: 0 | R12: 0 | S12: 0 | T12: 0 | U12: 0
A13: SORGO | B13: 0 | C13: 0 | D13: -0.05 | E13: -0.05 | F13: -0.05 | G13: 0 | H13: -0.05 | I13: -0.05 | J13: 0 | K13: 0 | L13: 0 | M13: -0.05 | N13: 0.05 | O13: 0 | P13: -0.05 | Q13: -0.05 | R13: 0 | S13: 0 | T13: 0.1 | U13: 0
A14: MAIZ | B14: 0 | C14: 0 | D14: 0 | E14: 0 | F14: 0 | G14: 0 | H14: 0 | I14: 0 | J14: 0 | K14: 0 | L14: 0 | M14: 0 | N14: 0.05 | O14: 0 | P14: -0.05 | Q14: -0.05 | R14: 0 | S14: 0 | T14: 0 | U14: 0
... A22: BARBECHO | B22: 0 | C22: 0 | D22: 0 | E22: 0 | F22: 0 | G22: 0 | H22: 0 | I22: 0 | J22: 0 | K22: 0 | L22: 0 | M22: 0 | N22: 0 | O22: 0 | P22: 0 | Q22: 0 | R22: 0 | S22: 0 | T22: 0 | U22: 0

Sheet Fechas
A1: 46174 | B1: 1 | D1: Intervenciones | E1: Ventana de siembra | F1: Tiempo siembra-cosecha [meses] | H1: Intervenciones | I1: Ventana de siembra | M1: Tiempo siembra-cosecha [meses]
A2: 46175 | B2: 2 | D2: COLZA | E2: abr - may | F2: 7 | I2: st_start (fecha) | J2: st_start (num) | K2: st_end (fecha) | L2: st_end (num)
A3: 46176 | B3: 3 | D3: CARINATA | E3: abr - may | F3: 7 | H3: COLZA | I3: 46113 | J3: =I3 - DATE(YEAR(I3)-(MONTH($A$1)<6),6,1) + 1 -> -60 | K3: 46173 | L3: =K3 - DATE(YEAR(K3)-(MONTH($A$1)<6),6,1) + 1 -> 0 | M3: =+F2*(365/12) -> 212.91667
A4: 46177 | B4: 4 | D4: AVENA | E4: May - jun | F4: 6 | H4: CARINATA | I4: 46113 | J4: =I4 - DATE(YEAR(I4)-(MONTH($A$1)<6),6,1) + 1 -> -60 | K4: 46173 | L4: =K4 - DATE(YEAR(K4)-(MONTH($A$1)<6),6,1) + 1 -> 0 | M4: =+F3*(365/12) -> 212.91667
A5: 46178 | B5: 5 | D5: R. GRASS | E5: Abr - Jun | F5: 6 | H5: AVENA | I5: 46143 | J5: =I5 - DATE(YEAR(I5)-(MONTH($A$1)<6),6,1) + 1 -> -30 | K5: 46203 | L5: =K5 - DATE(YEAR(K5)-(MONTH($A$1)<6),6,1) + 1 -> 30 | M5: =+F4*(365/12) -> 182.5
A6: 46179 | B6: 6 | D6: TRIGO | E6: may - jul | F6: 6 | H6: R. GRASS | I6: 46113 | J6: =I6 - DATE(YEAR(I6)-(MONTH($A$1)<6),6,1) + 1 -> -60 | K6: 46203 | L6: =K6 - DATE(YEAR(K6)-(MONTH($A$1)<6),6,1) + 1 -> 30 | M6: =+F5*(365/12) -> 182.5
A7: 46180 | B7: 7 | D7: CAMELINA | E7: may - jun | F7: 4 | H7: TRIGO | I7: 46143 | J7: =I7 - DATE(YEAR(I7)-(MONTH($A$1)<6),6,1) + 1 -> -30 | K7: 46218 | L7: =K7 - DATE(YEAR(K7)-(MONTH($A$1)<6),6,1) + 1 -> 45 | M7: =+F6*(365/12) -> 182.5
A8: 46181 | B8: 8 | D8: CEBADA | E8: jun - ago | F8: 5 | H8: CAMELINA | I8: 46143 | J8: =I8 - DATE(YEAR(I8)-(MONTH($A$1)<6),6,1) + 1 -> -30 | K8: 46203 | L8: =K8 - DATE(YEAR(K8)-(MONTH($A$1)<6),6,1) + 1 -> 30 | M8: =+F7*(365/12) -> 121.66667
A9: 46182 | B9: 9 | D9: CENTENO | E9: jun, jul | F9: 5 | H9: CEBADA | I9: 46174 | J9: =I9 - DATE(YEAR(I9)-(MONTH($A$1)<6),6,1) + 1 -> 1 | K9: 46234 | L9: =K9 - DATE(YEAR(K9)-(MONTH($A$1)<6),6,1) + 1 -> 61 | M9: =+F8*(365/12) -> 152.08333
A10: 46183 | B10: 10 | D10: ARVEJA | E10: jun -ago | F10: 5 | H10: CENTENO | I10: 46174 | J10: =I10 - DATE(YEAR(I10)-(MONTH($A$1)<6),6,1) + 1 -> 1 | K10: 46234 | L10: =K10 - DATE(YEAR(K10)-(MONTH($A$1)<6),6,1) + 1 -> 61 | M10: =+F9*(365/12) -> 152.08333
A11: 46184 | B11: 11 | D11: GIRASOL | E11: sep -nov | F11: 6 | H11: ARVEJA | I11: 46174 | J11: =I11 - DATE(YEAR(I11)-(MONTH($A$1)<6),6,1) + 1 -> 1 | K11: 46265 | L11: =K11 - DATE(YEAR(K11)-(MONTH($A$1)<6),6,1) + 1 -> 92 | M11: =+F10*(365/12) -> 152.08333
A12: 46185 | B12: 12 | D12: SORGO | E12: sep - oct | F12: 6 | H12: GIRASOL | I12: 46244 | J12: =I12 - DATE(YEAR(I12)-(MONTH($A$1)<6),6,1) + 1 -> 71 | K12: 46295 | L12: =K12 - DATE(YEAR(K12)-(MONTH($A$1)<6),6,1) + 1 -> 122 | M12: =+F11*(365/12) -> 182.5
A13: 46186 | B13: 13 | D13: MAIZ | E13: sep - oct | F13: 6 | H13: SORGO | I13: 46280 | J13: =I13 - DATE(YEAR(I13)-(MONTH($A$1)<6),6,1) + 1 -> 107 | K13: 46341 | L13: =K13 - DATE(YEAR(K13)-(MONTH($A$1)<6),6,1) + 1 -> 168 | M13: =+F12*(365/12) -> 182.5
A14: 46187 | B14: 14 | D14: SOJA | E14: oct - nov - dic - ene | F14: 5 | H14: MAIZ | I14: 46249 | J14: =I14 - DATE(YEAR(I14)-(MONTH($A$1)<6),6,1) + 1 -> 76 | K14: 46280 | L14: =K14 - DATE(YEAR(K14)-(MONTH($A$1)<6),6,1) + 1 -> 107 | M14: =+F13*(365/12) -> 182.5
A15: 46188 | B15: 15 | D15: SOJA II | E15: nov - dic | F15: 5 | H15: SOJA | I15: 46305 | J15: =I15 - DATE(YEAR(I15)-(MONTH($A$1)<6),6,1) + 1 -> 132 | K15: 46356 | L15: =K15 - DATE(YEAR(K15)-(MONTH($A$1)<6),6,1) + 1 -> 183 | M15: =+F14*(365/12) -> 152.08333
A16: 46189 | B16: 16 | D16: MAIZ II | E16: nov - dic | F16: 6 | H16: SOJA II | I16: 46346 | J16: =I16 - DATE(YEAR(I16)-(MONTH($A$1)<6),6,1) + 1 -> 173 | K16: 46402 | L16: =K16 - DATE(YEAR(K16)-1-(MONTH($A$1)<6),6,1) + 1 -> 229 | M16: =+F15*(365/12) -> 152.08333
A17: 46190 | B17: 17 | D17: MAIZ T | E17: oct - nov | F17: 6 | H17: MAIZ II | I17: 46346 | J17: =I17 - DATE(YEAR(I17)-(MONTH($A$1)<6),6,1) + 1 -> 173 | K17: 46402 | L17: =K17 - DATE(YEAR(K17)-1-(MONTH($A$1)<6),6,1) + 1 -> 229 | M17: =+F16*(365/12) -> 182.5
A18: 46191 | B18: 18 | D18: AVENA | E18: Feb - jun | F18: 7 | H18: MAIZ T | I18: 46346 | J18: =I18 - DATE(YEAR(I18)-(MONTH($A$1)<6),6,1) + 1 -> 173 | K18: 46402 | L18: =K18 - DATE(YEAR(K18)-1-(MONTH($A$1)<6),6,1) + 1 -> 229 | M18: =+F17*(365/12) -> 182.5
A19: 46192 | B19: 19 | D19: R. GRASS | E19: mar - Jun | F19: 7 | H19: AVENA CS | I19: 46113 | J19: =I19 - DATE(YEAR(I19)-(MONTH($A$1)<6),6,1) + 1 -> -60 | K19: 46234 | L19: =K19 - DATE(YEAR(K19)-(MONTH($A$1)<6),6,1) + 1 -> 61 | M19: =+F18*(365/12) -> 212.91667
A20: 46193 | B20: 20 | D20: VICIA CS | E20: mar - Jun | F20: 7 | H20: R. GRASS CS | I20: 46113 | J20: =I20 - DATE(YEAR(I20)-(MONTH($A$1)<6),6,1) + 1 -> -60 | K20: 46234 | L20: =K20 - DATE(YEAR(K20)-(MONTH($A$1)<6),6,1) + 1 -> 61 | M20: =+F19*(365/12) -> 212.91667
A21: 46194 | B21: 21 | H21: VICIA CS | I21: 46096 | J21: =I21 - DATE(YEAR(I21)-(MONTH($A$1)<6),6,1) + 1 -> -77 | K21: 46157 | L21: =K21 - DATE(YEAR(K21)-(MONTH($A$1)<6),6,1) + 1 -> -16 | M21: =+F20*(365/12) -> 212.91667
A22: 46195 | B22: 22
A23: 46196 | B23: 23
A24: 46197 | B24: 24
A25: 46198 | B25: 25
A26: 46199 | B26: 26
A27: 46200 | B27: 27
A28: 46201 | B28: 28
A29: 46202 | B29: 29
A30: 46203 | B30: 30
A31: 46204 | B31: 31
A32: 46205 | B32: 32
A33: 46206 | B33: 33
... A365: 46538 | B365: 365
